,Avr ROC,Std Esp
0,0.7007984932262781,0.19597737595217243
