,Avr ROC,Std Esp
0,0.4794236264749263,0.15264157644497767
